Tipo;Especificação;Serviço;Tabela 1;Tabela 2;Tabela 3
1. DOCUMENTAÇÕES OBRIGATÓRIAS DE SST;Programas e laudos;PGR — Programa de Gerenciamento de Riscos;R$ 450,00;R$ 900,00;R$ 1.800,00
1. DOCUMENTAÇÕES OBRIGATÓRIAS DE SST;Programas e laudos;GRO — Gerenciamento de Riscos Ocupacionais;R$ 400,00;R$ 800,00;R$ 1.600,00
1. DOCUMENTAÇÕES OBRIGATÓRIAS DE SST;Programas e laudos;LTCAT — Laudo Técnico das Condições Ambientais do Trabalho;R$ 700,00;R$ 1.500,00;R$ 3.500,00
1. DOCUMENTAÇÕES OBRIGATÓRIAS DE SST;Programas e laudos;PCMSO;R$ 350,00;R$ 700,00;R$ 1.400,00
1. DOCUMENTAÇÕES OBRIGATÓRIAS DE SST;Programas e laudos;AET — Análise Ergonômica do Trabalho;R$ 1.200,00;R$ 2.500,00;R$ 6.000,00
1. DOCUMENTAÇÕES OBRIGATÓRIAS DE SST;Programas e laudos;Laudo de Insalubridade;R$ 900,00;R$ 1.800,00;R$ 4.500,00
1. DOCUMENTAÇÕES OBRIGATÓRIAS DE SST;Programas e laudos;Laudo de Periculosidade;R$ 900,00;R$ 1.800,00;R$ 4.500,00
1. DOCUMENTAÇÕES OBRIGATÓRIAS DE SST;Programas e laudos;Laudo Ergonômico;R$ 1.000,00;R$ 2.200,00;R$ 5.000,00
1. DOCUMENTAÇÕES OBRIGATÓRIAS DE SST;Programas e laudos;Inventário de Riscos;R$ 500,00;R$ 1.200,00;R$ 2.800,00
1. DOCUMENTAÇÕES OBRIGATÓRIAS DE SST;Programas e laudos;Plano de Ação SST;R$ 600,00;R$ 1.400,00;R$ 3.500,00
1. DOCUMENTAÇÕES OBRIGATÓRIAS DE SST;Programas e laudos;Ordem de Serviço de Segurança;R$ 500,00;R$ 1.200,00;R$ 3.500,00
1. DOCUMENTAÇÕES OBRIGATÓRIAS DE SST;Programas e laudos;APR — Análise Preliminar de Risco;R$ 150,00;R$ 350,00;R$ 800,00
1. DOCUMENTAÇÕES OBRIGATÓRIAS DE SST;Programas e laudos;PT — Permissão de Trabalho;R$ 120,00;R$ 300,00;R$ 700,00
1. DOCUMENTAÇÕES OBRIGATÓRIAS DE SST;Programas e laudos;Mapa de Risco;R$ 250,00;R$ 500,00;R$ 1.200,00
1. DOCUMENTAÇÕES OBRIGATÓRIAS DE SST;Programas e laudos;PAE — Plano de Atendimento a Emergência;R$ 600,00;R$ 1.400,00;R$ 3.500,00
1. DOCUMENTAÇÕES OBRIGATÓRIAS DE SST;Programas e laudos;PCA — Programa de Conservação Auditiva;R$ 700,00;R$ 1.500,00;R$ 3.500,00
1. DOCUMENTAÇÕES OBRIGATÓRIAS DE SST;Programas e laudos;PPR — Programa de Proteção Respiratória;R$ 700,00;R$ 1.500,00;R$ 3.500,00
1. DOCUMENTAÇÕES OBRIGATÓRIAS DE SST;Programas e laudos;Plano de Resposta a Emergência;R$ 600,00;R$ 1.400,00;R$ 3.500,00
1. DOCUMENTAÇÕES OBRIGATÓRIAS DE SST;Programas e laudos;Plano de abandono de área;R$ 600,00;R$ 1.400,00;R$ 3.500,00
1. DOCUMENTAÇÕES OBRIGATÓRIAS DE SST;Programas e laudos;Plano de resgate;R$ 600,00;R$ 1.400,00;R$ 3.500,00
1. DOCUMENTAÇÕES OBRIGATÓRIAS DE SST;Programas e laudos;Plano de trabalho em altura;R$ 600,00;R$ 1.400,00;R$ 3.500,00
1. DOCUMENTAÇÕES OBRIGATÓRIAS DE SST;Programas e laudos;Plano de içamento de cargas;R$ 600,00;R$ 1.400,00;R$ 3.500,00
1. DOCUMENTAÇÕES OBRIGATÓRIAS DE SST;Programas e laudos;Plano de gerenciamento de produtos químicos;R$ 600,00;R$ 1.400,00;R$ 3.500,00
1. DOCUMENTAÇÕES OBRIGATÓRIAS DE SST;Programas e laudos;Inventário de máquinas;R$ 500,00;R$ 1.200,00;R$ 2.800,00
1. DOCUMENTAÇÕES OBRIGATÓRIAS DE SST;Programas e laudos;Prontuário de instalações elétricas;R$ 500,00;R$ 1.200,00;R$ 3.500,00
1. DOCUMENTAÇÕES OBRIGATÓRIAS DE SST;Programas e laudos;Relatórios técnicos de inspeção;R$ 350,00;R$ 900,00;R$ 2.500,00
1. DOCUMENTAÇÕES OBRIGATÓRIAS DE SST;Programas e laudos;Procedimentos operacionais padronizados (POP);R$ 500,00;R$ 1.200,00;R$ 3.500,00
1. DOCUMENTAÇÕES OBRIGATÓRIAS DE SST;Programas e laudos;Manual de segurança operacional;R$ 500,00;R$ 1.200,00;R$ 3.500,00
1. DOCUMENTAÇÕES OBRIGATÓRIAS DE SST;Programas e laudos;Plano de manutenção preventiva;R$ 600,00;R$ 1.400,00;R$ 3.500,00
2. TREINAMENTOS DE NORMAS REGULAMENTADORAS;Treinamentos obrigatórios;NR-01;R$ 500,00;R$ 1.200,00;R$ 3.500,00
2. TREINAMENTOS DE NORMAS REGULAMENTADORAS;Treinamentos obrigatórios;NR-05 — CIPA;R$ 600,00;R$ 1.200,00;R$ 2.800,00
2. TREINAMENTOS DE NORMAS REGULAMENTADORAS;Treinamentos obrigatórios;NR-06 — EPI;R$ 500,00;R$ 1.200,00;R$ 3.500,00
2. TREINAMENTOS DE NORMAS REGULAMENTADORAS;Treinamentos obrigatórios;NR-10 — Segurança em eletricidade;R$ 900,00;R$ 1.800,00;R$ 4.500,00
2. TREINAMENTOS DE NORMAS REGULAMENTADORAS;Treinamentos obrigatórios;NR-11 — Movimentação de cargas;R$ 500,00;R$ 1.200,00;R$ 3.500,00
2. TREINAMENTOS DE NORMAS REGULAMENTADORAS;Treinamentos obrigatórios;NR-12 — Máquinas e equipamentos;R$ 500,00;R$ 1.200,00;R$ 3.500,00
2. TREINAMENTOS DE NORMAS REGULAMENTADORAS;Treinamentos obrigatórios;NR-13 — Caldeiras e vasos de pressão;R$ 500,00;R$ 1.200,00;R$ 3.500,00
2. TREINAMENTOS DE NORMAS REGULAMENTADORAS;Treinamentos obrigatórios;NR-18 — Construção civil;R$ 500,00;R$ 1.200,00;R$ 3.500,00
2. TREINAMENTOS DE NORMAS REGULAMENTADORAS;Treinamentos obrigatórios;NR-20 — Inflamáveis e combustíveis;R$ 500,00;R$ 1.200,00;R$ 3.500,00
2. TREINAMENTOS DE NORMAS REGULAMENTADORAS;Treinamentos obrigatórios;NR-23 — Combate a incêndio;R$ 500,00;R$ 1.200,00;R$ 3.500,00
2. TREINAMENTOS DE NORMAS REGULAMENTADORAS;Treinamentos obrigatórios;NR-33 — Espaço confinado;R$ 1.200,00;R$ 2.500,00;R$ 6.000,00
2. TREINAMENTOS DE NORMAS REGULAMENTADORAS;Treinamentos obrigatórios;NR-35 — Trabalho em altura;R$ 700,00;R$ 1.500,00;R$ 3.500,00
2. TREINAMENTOS DE NORMAS REGULAMENTADORAS;Treinamentos obrigatórios;Brigada de incêndio;R$ 900,00;R$ 2.000,00;R$ 5.000,00
2. TREINAMENTOS DE NORMAS REGULAMENTADORAS;Treinamentos obrigatórios;Primeiros socorros;R$ 500,00;R$ 1.200,00;R$ 3.500,00
2. TREINAMENTOS DE NORMAS REGULAMENTADORAS;Treinamentos obrigatórios;Direção defensiva;R$ 500,00;R$ 1.200,00;R$ 3.500,00
2. TREINAMENTOS DE NORMAS REGULAMENTADORAS;Treinamentos obrigatórios;Operador de empilhadeira;R$ 1.200,00;R$ 2.500,00;R$ 6.000,00
2. TREINAMENTOS DE NORMAS REGULAMENTADORAS;Treinamentos obrigatórios;Operador de PTA;R$ 120,00;R$ 300,00;R$ 700,00
2. TREINAMENTOS DE NORMAS REGULAMENTADORAS;Treinamentos obrigatórios;Operador de ponte rolante;R$ 500,00;R$ 1.200,00;R$ 3.500,00
2. TREINAMENTOS DE NORMAS REGULAMENTADORAS;Treinamentos obrigatórios;Operador de guindaste;R$ 500,00;R$ 1.200,00;R$ 3.500,00
2. TREINAMENTOS DE NORMAS REGULAMENTADORAS;Treinamentos obrigatórios;Operador de munck;R$ 500,00;R$ 1.200,00;R$ 3.500,00
2. TREINAMENTOS DE NORMAS REGULAMENTADORAS;Treinamentos obrigatórios;Operador de máquinas industriais;R$ 500,00;R$ 1.200,00;R$ 3.500,00
2. TREINAMENTOS DE NORMAS REGULAMENTADORAS;Treinamentos obrigatórios;Integração de segurança;R$ 500,00;R$ 1.200,00;R$ 3.500,00
2. TREINAMENTOS DE NORMAS REGULAMENTADORAS;Treinamentos obrigatórios;DDS — Diálogo Diário de Segurança;R$ 500,00;R$ 1.200,00;R$ 3.500,00
2. TREINAMENTOS DE NORMAS REGULAMENTADORAS;Treinamentos obrigatórios;SIPAT;R$ 500,00;R$ 1.200,00;R$ 3.500,00
2. TREINAMENTOS DE NORMAS REGULAMENTADORAS;Treinamentos obrigatórios;Treinamentos personalizados;R$ 500,00;R$ 1.200,00;R$ 3.000,00
3. GESTÃO DE SST TERCEIRIZADA;SST como serviço contínuo;Gestão mensal de SST;R$ 600,00;R$ 1.800,00;R$ 5.000,00
3. GESTÃO DE SST TERCEIRIZADA;SST como serviço contínuo;Consultoria recorrente;R$ 500,00;R$ 1.200,00;R$ 3.500,00
3. GESTÃO DE SST TERCEIRIZADA;SST como serviço contínuo;Responsável técnico terceirizado;R$ 500,00;R$ 1.200,00;R$ 3.500,00
3. GESTÃO DE SST TERCEIRIZADA;SST como serviço contínuo;Visitas técnicas periódicas;R$ 500,00;R$ 1.200,00;R$ 3.500,00
3. GESTÃO DE SST TERCEIRIZADA;SST como serviço contínuo;Acompanhamento de auditorias;R$ 1.500,00;R$ 3.500,00;R$ 12.000,00
3. GESTÃO DE SST TERCEIRIZADA;SST como serviço contínuo;Gestão documental;R$ 600,00;R$ 1.800,00;R$ 5.000,00
3. GESTÃO DE SST TERCEIRIZADA;SST como serviço contínuo;Gestão de vencimentos;R$ 600,00;R$ 1.800,00;R$ 5.000,00
3. GESTÃO DE SST TERCEIRIZADA;SST como serviço contínuo;Gestão de EPIs;R$ 600,00;R$ 1.800,00;R$ 5.000,00
3. GESTÃO DE SST TERCEIRIZADA;SST como serviço contínuo;Gestão de treinamentos;R$ 500,00;R$ 1.200,00;R$ 3.000,00
3. GESTÃO DE SST TERCEIRIZADA;SST como serviço contínuo;Gestão de exames ocupacionais;R$ 600,00;R$ 1.800,00;R$ 5.000,00
3. GESTÃO DE SST TERCEIRIZADA;SST como serviço contínuo;Gestão de terceiros;R$ 600,00;R$ 1.800,00;R$ 5.000,00
3. GESTÃO DE SST TERCEIRIZADA;SST como serviço contínuo;Gestão de indicadores SST;R$ 600,00;R$ 1.800,00;R$ 5.000,00
3. GESTÃO DE SST TERCEIRIZADA;SST como serviço contínuo;Implantação de cultura de segurança;R$ 500,00;R$ 1.200,00;R$ 3.500,00
3. GESTÃO DE SST TERCEIRIZADA;SST como serviço contínuo;Reuniões de segurança;R$ 500,00;R$ 1.200,00;R$ 3.500,00
3. GESTÃO DE SST TERCEIRIZADA;SST como serviço contínuo;Comitês internos;R$ 500,00;R$ 1.200,00;R$ 3.500,00
3. GESTÃO DE SST TERCEIRIZADA;SST como serviço contínuo;Investigação de acidentes;R$ 500,00;R$ 1.200,00;R$ 3.500,00
3. GESTÃO DE SST TERCEIRIZADA;SST como serviço contínuo;Gestão de não conformidades;R$ 600,00;R$ 1.800,00;R$ 5.000,00
4. eSOCIAL;Eventos SST;Envio S-2210;R$ 500,00;R$ 1.200,00;R$ 3.500,00
4. eSOCIAL;Eventos SST;Envio S-2220;R$ 500,00;R$ 1.200,00;R$ 3.500,00
4. eSOCIAL;Eventos SST;Envio S-2240;R$ 500,00;R$ 1.200,00;R$ 3.500,00
4. eSOCIAL;Eventos SST;Qualificação cadastral;R$ 500,00;R$ 1.200,00;R$ 3.500,00
4. eSOCIAL;Eventos SST;Correções de inconsistências;R$ 500,00;R$ 1.200,00;R$ 3.500,00
4. eSOCIAL;Eventos SST;Auditoria de eventos;R$ 1.500,00;R$ 3.500,00;R$ 12.000,00
4. eSOCIAL;Eventos SST;Integração com sistemas;R$ 500,00;R$ 1.200,00;R$ 3.500,00
4. eSOCIAL;Eventos SST;Revisão de cadastros;R$ 500,00;R$ 1.200,00;R$ 3.500,00
4. eSOCIAL;Eventos SST;Diagnóstico eSocial SST;R$ 250,00;R$ 600,00;R$ 1.500,00
4. eSOCIAL;Eventos SST;Implantação completa do eSocial;R$ 250,00;R$ 600,00;R$ 1.500,00
5. SEGURANÇA CONTRA INCÊNDIO / PPCI;Área muito lucrativa;PPCI;R$ 1.800,00;R$ 4.500,00;R$ 15.000,00
5. SEGURANÇA CONTRA INCÊNDIO / PPCI;Área muito lucrativa;PSCIP;R$ 1.800,00;R$ 4.500,00;R$ 15.000,00
5. SEGURANÇA CONTRA INCÊNDIO / PPCI;Área muito lucrativa;Projetos de incêndio;R$ 2.500,00;R$ 7.000,00;R$ 25.000,00
5. SEGURANÇA CONTRA INCÊNDIO / PPCI;Área muito lucrativa;Regularização junto ao Corpo de Bombeiros;R$ 500,00;R$ 1.200,00;R$ 3.500,00
5. SEGURANÇA CONTRA INCÊNDIO / PPCI;Área muito lucrativa;ART/TRT;R$ 500,00;R$ 1.200,00;R$ 3.500,00
5. SEGURANÇA CONTRA INCÊNDIO / PPCI;Área muito lucrativa;Dimensionamento de extintores;R$ 500,00;R$ 1.200,00;R$ 3.500,00
5. SEGURANÇA CONTRA INCÊNDIO / PPCI;Área muito lucrativa;Projeto de hidrantes;R$ 2.500,00;R$ 7.000,00;R$ 25.000,00
5. SEGURANÇA CONTRA INCÊNDIO / PPCI;Área muito lucrativa;Projeto de iluminação de emergência;R$ 2.500,00;R$ 7.000,00;R$ 25.000,00
5. SEGURANÇA CONTRA INCÊNDIO / PPCI;Área muito lucrativa;Projeto de sinalização;R$ 2.500,00;R$ 7.000,00;R$ 25.000,00
5. SEGURANÇA CONTRA INCÊNDIO / PPCI;Área muito lucrativa;Projeto de alarme de incêndio;R$ 2.500,00;R$ 7.000,00;R$ 25.000,00
5. SEGURANÇA CONTRA INCÊNDIO / PPCI;Área muito lucrativa;Projeto de SPDA;R$ 2.500,00;R$ 7.000,00;R$ 25.000,00
5. SEGURANÇA CONTRA INCÊNDIO / PPCI;Área muito lucrativa;Projeto de detecção;R$ 2.500,00;R$ 7.000,00;R$ 25.000,00
5. SEGURANÇA CONTRA INCÊNDIO / PPCI;Área muito lucrativa;Projeto de gás GLP;R$ 2.500,00;R$ 7.000,00;R$ 25.000,00
5. SEGURANÇA CONTRA INCÊNDIO / PPCI;Área muito lucrativa;Rotas de fuga;R$ 500,00;R$ 1.200,00;R$ 3.500,00
5. SEGURANÇA CONTRA INCÊNDIO / PPCI;Área muito lucrativa;Compartimentação;R$ 500,00;R$ 1.200,00;R$ 3.500,00
5. SEGURANÇA CONTRA INCÊNDIO / PPCI;Área muito lucrativa;Controle de materiais de acabamento;R$ 500,00;R$ 1.200,00;R$ 3.500,00
5. SEGURANÇA CONTRA INCÊNDIO / PPCI;Área muito lucrativa;Inspeções de combate a incêndio;R$ 500,00;R$ 1.200,00;R$ 3.500,00
5. SEGURANÇA CONTRA INCÊNDIO / PPCI;Área muito lucrativa;Simulados de abandono;R$ 500,00;R$ 1.200,00;R$ 3.500,00
6. INSPEÇÕES E AVALIAÇÕES TÉCNICAS;Higiene ocupacional;Avaliação de ruído;R$ 600,00;R$ 1.400,00;R$ 4.000,00
6. INSPEÇÕES E AVALIAÇÕES TÉCNICAS;Higiene ocupacional;Avaliação de calor;R$ 600,00;R$ 1.400,00;R$ 4.000,00
6. INSPEÇÕES E AVALIAÇÕES TÉCNICAS;Higiene ocupacional;Avaliação de vibração;R$ 600,00;R$ 1.400,00;R$ 4.000,00
6. INSPEÇÕES E AVALIAÇÕES TÉCNICAS;Higiene ocupacional;Avaliação de agentes químicos;R$ 600,00;R$ 1.400,00;R$ 4.000,00
6. INSPEÇÕES E AVALIAÇÕES TÉCNICAS;Higiene ocupacional;Avaliação de poeiras;R$ 600,00;R$ 1.400,00;R$ 4.000,00
6. INSPEÇÕES E AVALIAÇÕES TÉCNICAS;Higiene ocupacional;Avaliação de gases;R$ 600,00;R$ 1.400,00;R$ 4.000,00
6. INSPEÇÕES E AVALIAÇÕES TÉCNICAS;Higiene ocupacional;Avaliação de iluminação;R$ 600,00;R$ 1.400,00;R$ 4.000,00
6. INSPEÇÕES E AVALIAÇÕES TÉCNICAS;Higiene ocupacional;Avaliação de ventilação;R$ 600,00;R$ 1.400,00;R$ 4.000,00
6. INSPEÇÕES E AVALIAÇÕES TÉCNICAS;Higiene ocupacional;Avaliação de fumos metálicos;R$ 600,00;R$ 1.400,00;R$ 4.000,00
Inspeções;Normas técnicas;Inspeção de máquinas;R$ 350,00;R$ 900,00;R$ 2.500,00
Inspeções;Normas técnicas;Inspeção elétrica;R$ 350,00;R$ 900,00;R$ 2.500,00
Inspeções;Normas técnicas;Inspeção de EPIs;R$ 350,00;R$ 900,00;R$ 2.500,00
Inspeções;Normas técnicas;Inspeção de extintores;R$ 350,00;R$ 900,00;R$ 2.500,00
Inspeções;Normas técnicas;Inspeção de hidrantes;R$ 350,00;R$ 900,00;R$ 2.500,00
Inspeções;Normas técnicas;Inspeção predial;R$ 350,00;R$ 900,00;R$ 2.500,00
Inspeções;Normas técnicas;Inspeção de trabalho em altura;R$ 350,00;R$ 900,00;R$ 2.500,00
Inspeções;Normas técnicas;Inspeção de andaimes;R$ 350,00;R$ 900,00;R$ 2.500,00
Inspeções;Normas técnicas;Inspeção de linha de vida;R$ 350,00;R$ 900,00;R$ 2.500,00
Inspeções;Normas técnicas;Inspeção de empilhadeiras;R$ 1.200,00;R$ 2.500,00;R$ 6.000,00
Inspeções;Normas técnicas;Inspeção de vasos de pressão;R$ 350,00;R$ 900,00;R$ 2.500,00
Inspeções;Normas técnicas;Inspeção de caldeiras;R$ 350,00;R$ 900,00;R$ 2.500,00
7. ENGENHARIA E PROJETOS;Engenharia aplicada;Adequação NR-12;R$ 500,00;R$ 1.200,00;R$ 3.500,00
7. ENGENHARIA E PROJETOS;Engenharia aplicada;Adequação de máquinas;R$ 500,00;R$ 1.200,00;R$ 3.500,00
7. ENGENHARIA E PROJETOS;Engenharia aplicada;Projetos de exaustão;R$ 2.500,00;R$ 7.000,00;R$ 25.000,00
7. ENGENHARIA E PROJETOS;Engenharia aplicada;Projetos de ventilação;R$ 2.500,00;R$ 7.000,00;R$ 25.000,00
7. ENGENHARIA E PROJETOS;Engenharia aplicada;Projetos industriais;R$ 2.500,00;R$ 7.000,00;R$ 25.000,00
7. ENGENHARIA E PROJETOS;Engenharia aplicada;Layout industrial;R$ 500,00;R$ 1.200,00;R$ 3.500,00
7. ENGENHARIA E PROJETOS;Engenharia aplicada;Sinalização industrial;R$ 500,00;R$ 1.200,00;R$ 3.500,00
7. ENGENHARIA E PROJETOS;Engenharia aplicada;Proteções coletivas;R$ 500,00;R$ 1.200,00;R$ 3.500,00
7. ENGENHARIA E PROJETOS;Engenharia aplicada;SPDA;R$ 2.500,00;R$ 6.000,00;R$ 18.000,00
7. ENGENHARIA E PROJETOS;Engenharia aplicada;Sistemas de aterramento;R$ 500,00;R$ 1.200,00;R$ 3.500,00
7. ENGENHARIA E PROJETOS;Engenharia aplicada;Proteção contra quedas;R$ 500,00;R$ 1.200,00;R$ 3.500,00
7. ENGENHARIA E PROJETOS;Engenharia aplicada;Linhas de vida;R$ 500,00;R$ 1.200,00;R$ 3.500,00
7. ENGENHARIA E PROJETOS;Engenharia aplicada;Guarda-corpos;R$ 500,00;R$ 1.200,00;R$ 3.500,00
7. ENGENHARIA E PROJETOS;Engenharia aplicada;Engenharia de produção;R$ 500,00;R$ 1.200,00;R$ 3.500,00
7. ENGENHARIA E PROJETOS;Engenharia aplicada;Otimização de processos;R$ 500,00;R$ 1.200,00;R$ 3.500,00
8. AUDITORIAS E COMPLIANCE;Auditoria;Auditoria trabalhista;R$ 1.500,00;R$ 3.500,00;R$ 12.000,00
8. AUDITORIAS E COMPLIANCE;Auditoria;Auditoria de SST;R$ 1.500,00;R$ 3.500,00;R$ 12.000,00
8. AUDITORIAS E COMPLIANCE;Auditoria;Auditoria NR;R$ 1.500,00;R$ 3.500,00;R$ 12.000,00
8. AUDITORIAS E COMPLIANCE;Auditoria;Auditoria interna;R$ 1.500,00;R$ 3.500,00;R$ 12.000,00
8. AUDITORIAS E COMPLIANCE;Auditoria;Auditoria comportamental;R$ 1.500,00;R$ 3.500,00;R$ 12.000,00
8. AUDITORIAS E COMPLIANCE;Auditoria;Due diligence SST;R$ 500,00;R$ 1.200,00;R$ 3.500,00
8. AUDITORIAS E COMPLIANCE;Auditoria;Auditoria para certificações;R$ 1.500,00;R$ 3.500,00;R$ 12.000,00
8. AUDITORIAS E COMPLIANCE;Auditoria;ISO 45001;R$ 4.000,00;R$ 10.000,00;R$ 30.000,00
8. AUDITORIAS E COMPLIANCE;Auditoria;Diagnóstico legal;R$ 500,00;R$ 1.200,00;R$ 3.500,00
8. AUDITORIAS E COMPLIANCE;Auditoria;Levantamento de não conformidades;R$ 500,00;R$ 1.200,00;R$ 3.500,00
8. AUDITORIAS E COMPLIANCE;Auditoria;Plano de adequação legal;R$ 600,00;R$ 1.400,00;R$ 3.500,00
9. ÁREA JURÍDICA / PERICIAL;Jurídico;Assistência técnica em perícias;R$ 2.500,00;R$ 7.000,00;R$ 20.000,00
9. ÁREA JURÍDICA / PERICIAL;Jurídico;Defesa trabalhista;R$ 500,00;R$ 1.200,00;R$ 3.500,00
9. ÁREA JURÍDICA / PERICIAL;Jurídico;Contestação de insalubridade;R$ 900,00;R$ 1.800,00;R$ 4.500,00
9. ÁREA JURÍDICA / PERICIAL;Jurídico;Contestação de periculosidade;R$ 900,00;R$ 1.800,00;R$ 4.500,00
9. ÁREA JURÍDICA / PERICIAL;Jurídico;Parecer técnico;R$ 500,00;R$ 1.200,00;R$ 3.500,00
9. ÁREA JURÍDICA / PERICIAL;Jurídico;Quesitos técnicos;R$ 500,00;R$ 1.200,00;R$ 3.500,00
9. ÁREA JURÍDICA / PERICIAL;Jurídico;Acompanhamento judicial;R$ 500,00;R$ 1.200,00;R$ 3.500,00
9. ÁREA JURÍDICA / PERICIAL;Jurídico;Perícia extrajudicial;R$ 2.500,00;R$ 7.000,00;R$ 20.000,00
10. MEDICINA OCUPACIONAL;Medicina;Exames admissionais;R$ 35,00;R$ 60,00;R$ 120,00
10. MEDICINA OCUPACIONAL;Medicina;Exames periódicos;R$ 35,00;R$ 60,00;R$ 120,00
10. MEDICINA OCUPACIONAL;Medicina;Exames demissionais;R$ 35,00;R$ 60,00;R$ 120,00
10. MEDICINA OCUPACIONAL;Medicina;Exames de retorno ao trabalho;R$ 35,00;R$ 60,00;R$ 120,00
10. MEDICINA OCUPACIONAL;Medicina;Exames de mudança de função;R$ 35,00;R$ 60,00;R$ 120,00
10. MEDICINA OCUPACIONAL;Medicina;Audiometria;R$ 500,00;R$ 1.200,00;R$ 3.500,00
10. MEDICINA OCUPACIONAL;Medicina;Espirometria;R$ 500,00;R$ 1.200,00;R$ 3.500,00
10. MEDICINA OCUPACIONAL;Medicina;ECG;R$ 500,00;R$ 1.200,00;R$ 3.500,00
10. MEDICINA OCUPACIONAL;Medicina;Acuidade visual;R$ 500,00;R$ 1.200,00;R$ 3.500,00
10. MEDICINA OCUPACIONAL;Medicina;Vacinação ocupacional;R$ 500,00;R$ 1.200,00;R$ 3.500,00
10. MEDICINA OCUPACIONAL;Medicina;Gestão de ASO;R$ 600,00;R$ 1.800,00;R$ 5.000,00
11. SERVIÇOS ESTRATÉGICOS PREMIUM;Premium;Cultura de segurança;R$ 500,00;R$ 1.200,00;R$ 3.500,00
11. SERVIÇOS ESTRATÉGICOS PREMIUM;Premium;Treinamento de liderança;R$ 500,00;R$ 1.200,00;R$ 3.000,00
11. SERVIÇOS ESTRATÉGICOS PREMIUM;Premium;Redução de acidentes;R$ 500,00;R$ 1.200,00;R$ 3.500,00
11. SERVIÇOS ESTRATÉGICOS PREMIUM;Premium;Redução de afastamentos;R$ 500,00;R$ 1.200,00;R$ 3.500,00
11. SERVIÇOS ESTRATÉGICOS PREMIUM;Premium;Indicadores de desempenho;R$ 500,00;R$ 1.200,00;R$ 3.500,00
11. SERVIÇOS ESTRATÉGICOS PREMIUM;Premium;BI para SST;R$ 500,00;R$ 1.200,00;R$ 3.500,00
11. SERVIÇOS ESTRATÉGICOS PREMIUM;Premium;Dashboards gerenciais;R$ 500,00;R$ 1.200,00;R$ 3.500,00
11. SERVIÇOS ESTRATÉGICOS PREMIUM;Premium;Gestão de risco corporativo;R$ 600,00;R$ 1.800,00;R$ 5.000,00
11. SERVIÇOS ESTRATÉGICOS PREMIUM;Premium;ESG aplicado à segurança;R$ 500,00;R$ 1.200,00;R$ 3.500,00
11. SERVIÇOS ESTRATÉGICOS PREMIUM;Premium;Segurança comportamental;R$ 500,00;R$ 1.200,00;R$ 3.500,00
11. SERVIÇOS ESTRATÉGICOS PREMIUM;Premium;Gamificação de segurança;R$ 500,00;R$ 1.200,00;R$ 3.500,00
11. SERVIÇOS ESTRATÉGICOS PREMIUM;Premium;Consultoria para grandes contratos;R$ 500,00;R$ 1.200,00;R$ 3.500,00
11. SERVIÇOS ESTRATÉGICOS PREMIUM;Premium;Preparação para fiscalizações;R$ 500,00;R$ 1.200,00;R$ 3.500,00
11. SERVIÇOS ESTRATÉGICOS PREMIUM;Premium;Consultoria para licitações;R$ 500,00;R$ 1.200,00;R$ 3.500,00
11. SERVIÇOS ESTRATÉGICOS PREMIUM;Premium;Implantação de ISO 45001;R$ 4.000,00;R$ 10.000,00;R$ 30.000,00
11. SERVIÇOS ESTRATÉGICOS PREMIUM;Premium;Programas de reconhecimento;R$ 500,00;R$ 1.200,00;R$ 3.500,00
11. SERVIÇOS ESTRATÉGICOS PREMIUM;Premium;Employer branding em segurança;R$ 500,00;R$ 1.200,00;R$ 3.500,00
12. SERVIÇOS ESPECIALIZADOS POR NICHO;Construção civil;PGR obra;R$ 450,00;R$ 900,00;R$ 1.800,00
12. SERVIÇOS ESPECIALIZADOS POR NICHO;Construção civil;PCMAT;R$ 500,00;R$ 1.200,00;R$ 3.500,00
12. SERVIÇOS ESPECIALIZADOS POR NICHO;Construção civil;Linha de vida;R$ 500,00;R$ 1.200,00;R$ 3.500,00
12. SERVIÇOS ESPECIALIZADOS POR NICHO;Construção civil;Controle de terceirizados;R$ 500,00;R$ 1.200,00;R$ 3.500,00
Cozinhas industriais;ART;GLP;R$ 500,00;R$ 1.200,00;R$ 3.500,00
Cozinhas industriais;ART;Exaustão;R$ 500,00;R$ 1.200,00;R$ 3.500,00
Cozinhas industriais;ART;Compartimentação;R$ 500,00;R$ 1.200,00;R$ 3.500,00
Cozinhas industriais;ART;AVCB/CBMERJ;R$ 500,00;R$ 1.200,00;R$ 3.500,00
Supermercados;ART;Câmara fria;R$ 500,00;R$ 1.200,00;R$ 3.500,00
Supermercados;ART;Ergonomia;R$ 500,00;R$ 1.200,00;R$ 3.500,00
Supermercados;ART;Empilhadeiras;R$ 1.200,00;R$ 2.500,00;R$ 6.000,00
Indústrias;ART;NR-12;R$ 500,00;R$ 1.200,00;R$ 3.500,00
Indústrias;ART;NR-13;R$ 500,00;R$ 1.200,00;R$ 3.500,00
Indústrias;ART;Agentes químicos;R$ 500,00;R$ 1.200,00;R$ 3.500,00
Transportadoras;ART;Frota;R$ 500,00;R$ 1.200,00;R$ 3.500,00
Transportadoras;ART;Direção defensiva;R$ 500,00;R$ 1.200,00;R$ 3.500,00
Transportadoras;ART;Carga perigosa;R$ 500,00;R$ 1.200,00;R$ 3.500,00
Clínicas e hospitais;Programas e laudos;PGRSS;R$ 450,00;R$ 900,00;R$ 1.800,00
Clínicas e hospitais;Programas e laudos;NR-32;R$ 500,00;R$ 1.200,00;R$ 3.500,00
